id,name,price,description,image
10,Reed Foley,515,Accusantium earum et,images/thinkbridgeQuestion_QBBWYHH.png
11,Adara Forbes,754,Omnis odit maiores i,images/thinkbridgeQuestion_3vcvM7a.png
12,Deirdre Sosa,553,Vitae debitis tempor,images/thinkbridgeQuestion_wbPk360.png
13,Wynne Whitfield,148,Reiciendis est non o,images/thinkbridgeQuestion_JFXgFS2.png
14,Alexander Fox,463,Esse excepturi volup,images/thinkbridgeQuestion_xUYQ0TG.png
15,Quyn Lancaster,493,Cillum non dolor del,images/thinkbridgeQuestion_hg64ChJ.png
16,Fletcher Clemons,90,Placeat sit consequ,images/thinkbridgeQuestion_8EEkGhv.png
17,Brianna Hall,748,Odio vitae molestias,images/thinkbridgeQuestion_2bOuoFb.png
18,Reed,123,It is testing,images/thinkbridgeQuestion_B0NQwNU.png
